CREATE DATABASE ORG

USE ORG

CREATE TABLE Worker (
    WORKER_ID INT NOT NULL PRIMARY KEY IDENTITY(1,1),
    FIRST_NAME CHAR(25),
    LAST_NAME CHAR(25),
    SALARY DECIMAL(15, 2),
    JOINING_DATE DATETIME,
    DEPARTMENT CHAR(25)
);

SET IDENTITY_INSERT Worker ON

INSERT INTO Worker 
    (WORKER_ID, FIRST_NAME, LAST_NAME, SALARY, JOINING_DATE, DEPARTMENT) 
VALUES
    (001, 'Monika', 'Arora', 100000, '2014-02-20 09:00:00', 'HR'),
    (002, 'Niharika', 'Verma', 80000, '2014-06-11 09:00:00', 'Admin'),
    (003, 'Vishal', 'Singhal', 300000, '2014-02-20 09:00:00', 'HR'),
    (004, 'Amitabh', 'Singh', 500000, '2014-02-20 09:00:00', 'Admin'),
    (005, 'Vivek', 'Bhati', 500000, '2014-06-11 09:00:00', 'Admin'),
    (006, 'Vipul', 'Diwan', 200000, '2014-06-11 09:00:00', 'Account'),
    (007, 'Satish', 'Kumar', 75000, '2014-01-20 09:00:00', 'Account'),
    (008, 'Geetika', 'Chauhan', 90000, '2014-04-11 09:00:00', 'Admin');

	
 SELECT * FROM Worker
 SELECT * FROM Bonus 
 SELECT * FROM Title


DROP TABLE Worker

CREATE TABLE Bonus (
    WORKER_REF_ID INT,
    BONUS_AMOUNT INT,
    BONUS_DATE DATETIME,
    FOREIGN KEY (WORKER_REF_ID)
        REFERENCES Worker(WORKER_ID)
        ON DELETE CASCADE
);

INSERT INTO Bonus 
    (WORKER_REF_ID, BONUS_AMOUNT, BONUS_DATE) 
VALUES
    (001, 5000, '2016-02-20'),
    (002, 3000, '2016-06-11'),
    (003, 4000, '2016-02-20'),
    (001, 4500, '2016-02-20'),
    (002, 3500, '2016-06-11');

DROP TABLE Bonus

CREATE TABLE Title (
    WORKER_REF_ID INT,
    WORKER_TITLE CHAR(25), 
    AFFECTED_FROM DATETIME,
    FOREIGN KEY (WORKER_REF_ID)
        REFERENCES Worker(WORKER_ID)
        ON DELETE CASCADE
);

INSERT INTO Title 
	(WORKER_REF_ID, WORKER_TITLE, AFFECTED_FROM) VALUES
 (001, 'Manager', '2016-02-20 00:00:00'),
 (002, 'Executive', '2016-06-11 00:00:00'),
 (008, 'Executive', '2016-06-11 00:00:00'),
 (005, 'Manager', '2016-06-11 00:00:00'),
 (004, 'Asst. Manager', '2016-06-11 00:00:00'),
 (007, 'Executive', '2016-06-11 00:00:00'),
 (006, 'Lead', '2016-06-11 00:00:00'),
 (003, 'Lead', '2016-06-11 00:00:00');

DROP TABLE Title

-- Q1
SELECT FIRST_NAME AS WORKER_NAME
FROM Worker

--Q2
SELECT UPPER(FIRST_NAME) AS FIRST_NAME_UPPERCASE
FROM Worker

--Q3
SELECT DISTINCT DEPARTMENT
FROM Worker

--Q4
SELECT *
FROM Worker
ORDER BY FIRST_NAME ASC

--Q5
SELECT *
FROM Worker
WHERE FIRST_NAME IN ('Vipul', 'Satish')

--Q6
SELECT *
FROM Worker
WHERE SALARY BETWEEN 100000 AND 500000

--Q7
SELECT *
FROM Worker
WHERE MONTH(JOINING_DATE) = 2 AND YEAR(JOINING_DATE) = 2014

--Q8
SELECT COUNT(*) AS Employee_Count_in_Admin
FROM Worker
WHERE DEPARTMENT = 'Admin'

--Q9
SELECT CONCAT(FIRST_NAME, LAST_NAME) AS Worker_Name
FROM Worker
WHERE SALARY >= 50000 AND SALARY <= 100000

--Q10
SELECT FIRST_NAME, LAST_NAME, SALARY, JOINING_DATE, DEPARTMENT
FROM Worker w
INNER JOIN Title t ON w.WORKER_ID = t.WORKER_REF_ID
WHERE t.WORKER_TITLE = 'Manager'

--Q11
SELECT *
FROM Worker
WHERE SALARY IN (
    SELECT SALARY
    FROM Worker
    GROUP BY SALARY
    HAVING COUNT(WORKER_ID) > 1
)

SELECT w1.WORKER_ID, w1.FIRST_NAME, w1.LAST_NAME, w1.SALARY
FROM Worker w1
JOIN Worker w2 ON w1.SALARY = w2.SALARY AND w1.WORKER_ID <> w2.WORKER_ID
ORDER BY w1.SALARY

--Q12
SELECT MAX(SALARY) AS SecondHighestSalary
FROM Worker
WHERE SALARY < (SELECT MAX(SALARY) FROM Worker)

--Q13
WITH EmployeeRank AS (
    SELECT 
        FIRST_NAME, 
        LAST_NAME, 
        DEPARTMENT, 
        SALARY,
        ROW_NUMBER() OVER (PARTITION BY DEPARTMENT ORDER BY SALARY DESC) AS SalaryRank
    FROM Worker
)
SELECT FIRST_NAME, LAST_NAME, DEPARTMENT, SALARY
FROM EmployeeRank
WHERE SalaryRank = 1

--Q14
SELECT * 
FROM WORKER
WHERE SALARY IN (
SELECT MAX(SALARY)
    FROM Worker
    GROUP BY DEPARTMENT
)

--Q15
SELECT DEPARTMENT, COUNT(*) AS NumOfEmployees
FROM Worker
GROUP BY DEPARTMENT;
